[{"id":"user-image-1409945.png","fileName":"1409945.png","name":"1409945","publicUrl":"https://assets.nicepagecdn.com/3cc42c5e/4512170/images/1409945.png","size":10922,"hash":"9cLJIjklBKhh01DeaR8pdSxqRvI=","width":128,"height":128,"thumbnail":{"url":"https://assets.nicepagecdn.com/3cc42c5e/4512170/images/1409945.png","width":128,"height":128},"usages":[]},{"id":"user-image-2504911.png","fileName":"2504911.png","name":"2504911","publicUrl":"https://assets.nicepagecdn.com/3cc42c5e/4512170/images/2504911.png","size":6153,"hash":"t1kjEG5sayPJo9FzJjYADNosf4M=","width":128,"height":128,"thumbnail":{"url":"https://assets.nicepagecdn.com/3cc42c5e/4512170/images/2504911.png","width":128,"height":128},"usages":[]},{"id":"user-image-873360.png","fileName":"873360.png","name":"873360","publicUrl":"https://assets.nicepagecdn.com/3cc42c5e/4512170/images/873360.png","size":2148,"hash":"YQROIk1bbbL5at1oIdpdq0o/hA4=","width":128,"height":128,"thumbnail":{"url":"https://assets.nicepagecdn.com/3cc42c5e/4512170/images/873360.png","width":128,"height":128},"usages":[]},{"id":"user-image-Ivan_Atlas.png","fileName":"Ivan_Atlas.png","name":"Ivan_Atlas","publicUrl":"https://assets.nicepagecdn.com/3cc42c5e/4512170/images/Ivan_Atlas.png","size":574773,"hash":"fQ4LDJ8NPn2bjjHSxIKXHn76Tpg=","width":781,"height":941,"thumbnail":{"url":"https://assets.nicepagecdn.com/3cc42c5e/4512170/images/thumbnails/Ivan_Atlas.png","width":124,"height":150},"usages":["4512171"]},{"id":"user-image-image.png","fileName":"image.png","name":"image","publicUrl":"https://assets.nicepagecdn.com/3cc42c5e/4512170/images/image.png","size":15168,"hash":"R9HWfONLX2vaad8kIKJZUMk7Ejg=","width":512,"height":512,"thumbnail":{"url":"https://assets.nicepagecdn.com/3cc42c5e/4512170/images/thumbnails/image.png","width":150,"height":150},"usages":[]},{"id":"user-image-image-1.png","fileName":"image-1.png","name":"image-1","publicUrl":"https://assets.nicepagecdn.com/3cc42c5e/4512170/images/image-1.png","size":14025,"hash":"AV1C5vLpnegOBfwfnxKVQ7hE1bw=","width":512,"height":512,"thumbnail":{"url":"https://assets.nicepagecdn.com/3cc42c5e/4512170/images/thumbnails/image-1.png","width":150,"height":150},"usages":[]},{"id":"user-image-1549454.png","fileName":"1549454.png","name":"1549454","publicUrl":"https://assets.nicepagecdn.com/3cc42c5e/4512170/images/1549454.png","size":3346,"hash":"SOyZk3rOG8tBq5WOTMKCuvZ8/IY=","width":128,"height":128,"thumbnail":{"url":"https://assets.nicepagecdn.com/3cc42c5e/4512170/images/1549454.png","width":128,"height":128},"usages":[]},{"id":"user-image-6283245.png","fileName":"6283245.png","name":"6283245","publicUrl":"https://assets.nicepagecdn.com/3cc42c5e/4512170/images/6283245.png","size":2734,"hash":"4SpqWwrX0VaRtHAZICEP4UgF/tk=","width":128,"height":128,"thumbnail":{"url":"https://assets.nicepagecdn.com/3cc42c5e/4512170/images/6283245.png","width":128,"height":128},"usages":[]},{"id":"user-image-10238844.png","fileName":"10238844.png","name":"10238844","publicUrl":"https://assets.nicepagecdn.com/3cc42c5e/4512170/images/10238844.png","size":3217,"hash":"f9Gvv7oKfO437dV7axtNhAYor9w=","width":128,"height":128,"thumbnail":{"url":"https://assets.nicepagecdn.com/3cc42c5e/4512170/images/10238844.png","width":128,"height":128},"usages":[]},{"id":"user-image-9930929.png","fileName":"9930929.png","name":"9930929","publicUrl":"https://assets.nicepagecdn.com/3cc42c5e/4512170/images/9930929.png","size":2896,"hash":"oSAwlnFzU53Zpsr79I3k5YF3QuM=","width":128,"height":128,"thumbnail":{"url":"https://assets.nicepagecdn.com/3cc42c5e/4512170/images/9930929.png","width":128,"height":128},"usages":[]},{"id":"user-image-9487579.png","fileName":"9487579.png","name":"9487579","publicUrl":"https://assets.nicepagecdn.com/3cc42c5e/4512170/images/9487579.png","size":4884,"hash":"ezQk31QhSEribmNMwF2ysWHvkmU=","width":128,"height":128,"thumbnail":{"url":"https://assets.nicepagecdn.com/3cc42c5e/4512170/images/9487579.png","width":128,"height":128},"usages":[]},{"id":"user-image-9931165.png","fileName":"9931165.png","name":"9931165","publicUrl":"https://assets.nicepagecdn.com/3cc42c5e/4512170/images/9931165.png","size":4705,"hash":"hr0/splxWxSguALRAgwpScVJZrY=","width":128,"height":128,"thumbnail":{"url":"https://assets.nicepagecdn.com/3cc42c5e/4512170/images/9931165.png","width":128,"height":128},"usages":[]},{"id":"user-image-10009356.png","fileName":"10009356.png","name":"10009356","publicUrl":"https://assets.nicepagecdn.com/3cc42c5e/4512170/images/10009356.png","size":3452,"hash":"nZ9ZernIzKO5IoL0PkkMScqTvRY=","width":128,"height":128,"thumbnail":{"url":"https://assets.nicepagecdn.com/3cc42c5e/4512170/images/10009356.png","width":128,"height":128},"usages":["4512171"]}]